order_date,total_orders,website_visits,avg_order_value_php,total_revenue_php
2025-01-01,231,6198,1406.72,324952.32
2025-01-02,249,6685,1418.81,353283.69
2025-01-03,259,6499,1459.61,378038.99
2025-01-04,263,6237,1427.18,375348.34
2025-01-05,261,5826,1456.03,380023.83
2025-01-06,264,6415,1564.07,412914.48
2025-01-07,268,6553,1478.75,396305.0
2025-01-08,275,6125,1355.43,372743.25
2025-01-09,271,6041,1554.01,421136.71
2025-01-10,274,7671,1470.87,403018.38
2025-01-11,281,7282,1393.52,391579.12
2025-01-12,290,6788,1504.42,436281.8
2025-01-13,296,7284,1451.06,429513.76
2025-01-14,298,8298,1413.09,421100.82
2025-01-15,302,8271,1411.99,426420.98
2025-01-16,311,8417,1390.39,432411.29
2025-01-17,318,7745,1452.89,462019.02
2025-01-18,322,8037,1514.13,487549.86
2025-01-19,328,8548,1430.5,469204.0
2025-01-20,329,7358,1475.25,485357.25
2025-01-21,319,8081,1562.54,498450.26
2025-01-22,314,7419,1377.12,432415.68
2025-01-23,309,8429,1465.45,452824.05
2025-01-24,294,6581,1431.61,420893.34
2025-01-25,278,7249,1386.44,385430.32
2025-01-26,265,7213,1388.45,367939.25
2025-01-27,252,5888,1449.08,365168.16
2025-01-28,233,6378,1476.03,343914.99
2025-01-29,221,6019,1418.1,313400.1
2025-01-30,222,4909,1453.26,322623.72
2025-01-31,225,5905,1493.33,335999.25
2025-02-01,222,4886,1467.79,325849.38
2025-02-02,222,5554,1502.12,333470.64
2025-02-03,229,5638,1477.68,338388.72
2025-02-04,234,5433,1479.28,346151.52
2025-02-05,240,5748,1559.6,374304.0
2025-02-06,252,6763,1487.39,374822.28
2025-02-07,261,6238,1457.77,380477.97
2025-02-08,261,5975,1492.6,389568.6
2025-02-09,262,6862,1394.85,365450.7
2025-02-10,266,6568,1429.74,380310.84
2025-02-11,277,7422,1497.59,414832.43
2025-02-12,279,6532,1487.85,415110.15
2025-02-13,274,6554,1542.9,422754.6
2025-02-14,265,7102,1450.63,384416.95
2025-02-15,249,6236,1362.26,339202.74
2025-02-16,238,5959,1566.83,372905.54
2025-02-17,237,5550,1515.57,359190.09
2025-02-18,235,5190,1386.48,325822.8
2025-02-19,241,6651,1532.55,369344.55
2025-02-20,255,5741,1451.94,370244.7
2025-02-21,269,7282,1341.16,360772.04
2025-02-22,281,6802,1424.78,400363.18
2025-02-23,296,8201,1419.47,420163.12
2025-02-24,299,7295,1545.45,462089.55
2025-02-25,301,8313,1402.48,422146.48
2025-02-26,309,7829,1434.78,443347.02
2025-02-27,306,7173,1433.39,438617.34
2025-02-28,302,7987,1427.26,431032.52
2025-03-01,301,7840,1395.16,419943.16
2025-03-02,305,7962,1463.15,446260.75
2025-03-03,308,7633,1514.61,466499.88
2025-03-04,310,7233,1487.44,461106.4
2025-03-05,314,8116,1394.35,437825.9
2025-03-06,313,7087,1381.01,432256.13
2025-03-07,314,8212,1457.14,457541.96
2025-03-08,317,8183,1407.61,446212.37
2025-03-09,323,7836,1412.19,456137.37
2025-03-10,325,8707,1349.22,438496.5
2025-03-11,332,7690,1567.03,520253.96
2025-03-12,344,8374,1505.0,517720.0
2025-03-13,352,9429,1391.57,489832.64
2025-03-14,360,8742,1504.49,541616.4
2025-03-15,375,9855,1530.55,573956.25
2025-03-16,398,10219,1306.63,520038.74
2025-03-17,407,11252,1417.06,576743.42
2025-03-18,413,11543,1426.72,589235.36
2025-03-19,423,11143,1488.9,629804.7
2025-03-20,430,11547,1442.71,620365.3
2025-03-21,428,9809,1436.17,614680.76
2025-03-22,433,11378,1446.5,626334.5
2025-03-23,433,11728,1561.2,675999.6
2025-03-24,433,10568,1579.6,683966.8
2025-03-25,445,11267,1418.51,631236.95
2025-03-26,446,11095,1394.43,621915.78
2025-03-27,441,12238,1611.55,710693.55
2025-03-28,431,10302,1391.22,599615.82
2025-03-29,424,10351,1415.6,600214.4
2025-03-30,432,9506,1452.19,627346.08
2025-03-31,454,11133,1478.99,671461.46
2025-04-01,462,11914,1511.74,698423.88
2025-04-02,458,12645,1473.46,674844.68
2025-04-03,460,12669,1397.66,642923.6
2025-04-04,473,11335,1480.38,700219.74
2025-04-05,489,13659,1465.0,716385.0
2025-04-06,494,11424,1562.62,771934.28
2025-04-07,498,13416,1449.1,721651.8
2025-04-08,502,11518,1369.78,687629.56
2025-04-09,503,12289,1387.3,697811.9
2025-04-10,500,11220,1537.01,768505.0
