sales_date,day_of_week,customers_served,total_orders,avg_ticket_php,total_sales_php
2025-01-01,Wednesday,140,122,254.47,35625.8
2025-01-02,Thursday,150,134,280.43,42064.5
2025-01-03,Friday,167,147,271.5,45340.5
2025-01-04,Saturday,179,150,287.46,51455.34
2025-01-05,Sunday,175,148,318.67,55767.25
2025-01-06,Monday,137,122,272.52,37335.24
2025-01-07,Tuesday,138,113,275.64,38038.32
2025-01-08,Wednesday,145,128,288.08,41771.6
2025-01-09,Thursday,152,134,292.4,44444.8
2025-01-10,Friday,169,145,282.35,47717.15
2025-01-11,Saturday,188,159,281.91,52999.08
2025-01-12,Sunday,180,152,295.54,53197.2
2025-01-13,Monday,135,113,292.8,39528.0
2025-01-14,Tuesday,139,119,269.49,37459.11
2025-01-15,Wednesday,142,122,283.81,40301.02
2025-01-16,Thursday,152,131,285.53,43400.56
2025-01-17,Friday,168,151,269.18,45222.24
2025-01-18,Saturday,187,165,288.9,54024.3
2025-01-19,Sunday,174,151,272.13,47350.62
2025-01-20,Monday,135,121,299.58,40443.3
2025-01-21,Tuesday,141,118,287.89,40592.49
2025-01-22,Wednesday,145,121,286.34,41519.3
2025-01-23,Thursday,158,137,276.13,43628.54
2025-01-24,Friday,178,147,283.22,50413.16
2025-01-25,Saturday,182,150,255.03,46415.46
2025-01-26,Sunday,166,143,268.03,44492.98
2025-01-27,Monday,131,112,290.44,38047.64
2025-01-28,Tuesday,138,123,253.07,34923.66
2025-01-29,Wednesday,146,127,297.7,43464.2
2025-01-30,Thursday,155,133,258.81,40115.55
2025-01-31,Friday,182,156,296.35,53935.7
2025-02-01,Saturday,193,162,272.32,52557.76
2025-02-02,Sunday,182,149,296.68,53995.76
2025-02-03,Monday,153,128,286.96,43904.88
2025-02-04,Tuesday,157,137,261.95,41126.15
2025-02-05,Wednesday,161,135,303.74,48902.14
2025-02-06,Thursday,161,137,306.63,49367.43
2025-02-07,Friday,168,138,284.01,47713.68
2025-02-08,Saturday,192,170,280.89,53930.88
2025-02-09,Sunday,184,153,282.6,51998.4
2025-02-10,Monday,139,117,270.37,37581.43
2025-02-11,Tuesday,143,127,301.48,43111.64
2025-02-12,Wednesday,150,129,276.86,41529.0
2025-02-13,Thursday,153,136,284.23,43487.19
2025-02-14,Friday,172,150,273.1,46973.2
2025-02-15,Saturday,195,171,275.61,53743.95
2025-02-16,Sunday,187,155,265.83,49710.21
2025-02-17,Monday,145,125,303.86,44059.7
2025-02-18,Tuesday,154,133,282.69,43534.26
2025-02-19,Wednesday,162,144,299.49,48517.38
2025-02-20,Thursday,168,143,285.2,47913.6
2025-02-21,Friday,179,155,274.58,49149.82
2025-02-22,Saturday,203,167,280.1,56860.3
2025-02-23,Sunday,190,162,276.6,52554.0
2025-02-24,Monday,155,131,285.12,44193.6
2025-02-25,Tuesday,152,126,279.37,42464.24
2025-02-26,Wednesday,162,143,280.5,45441.0
2025-02-27,Thursday,168,143,264.32,44405.76
2025-02-28,Friday,177,159,272.9,48303.3
2025-03-01,Saturday,198,172,309.81,61342.38
2025-03-02,Sunday,190,165,274.93,52236.7
2025-03-03,Monday,153,133,269.19,41186.07
2025-03-04,Tuesday,153,134,290.06,44379.18
2025-03-05,Wednesday,153,127,306.11,46834.83
2025-03-06,Thursday,164,140,263.19,43163.16
2025-03-07,Friday,180,151,281.87,50736.6
2025-03-08,Saturday,203,173,275.52,55930.56
2025-03-09,Sunday,198,164,258.58,51198.84
2025-03-10,Monday,149,134,296.02,44106.98
2025-03-11,Tuesday,157,131,284.65,44690.05
2025-03-12,Wednesday,169,148,286.07,48345.83
2025-03-13,Thursday,172,145,273.72,47079.84
2025-03-14,Friday,184,164,291.82,53694.88
2025-03-15,Saturday,209,182,276.91,57874.19
2025-03-16,Sunday,200,166,282.86,56572.0
2025-03-17,Monday,164,146,268.38,44014.32
2025-03-18,Tuesday,164,147,266.76,43748.64
2025-03-19,Wednesday,161,144,305.03,49109.83
2025-03-20,Thursday,169,146,277.39,46878.91
2025-03-21,Friday,185,154,289.38,53535.3
2025-03-22,Saturday,211,176,284.49,60027.39
2025-03-23,Sunday,202,181,278.38,56232.76
2025-03-24,Monday,153,132,277.38,42439.14
2025-03-25,Tuesday,155,129,294.45,45639.75
2025-03-26,Wednesday,168,150,280.47,47118.96
2025-03-27,Thursday,178,155,282.73,50325.94
2025-03-28,Friday,190,164,285.33,54212.7
2025-03-29,Saturday,211,179,302.65,63859.15
2025-03-30,Sunday,204,174,295.21,60222.84
2025-03-31,Monday,166,139,290.74,48262.84
2025-04-01,Tuesday,174,143,276.55,48119.7
2025-04-02,Wednesday,177,158,264.27,46775.79
2025-04-03,Thursday,181,155,299.24,54162.44
2025-04-04,Friday,195,168,299.5,58402.5
2025-04-05,Saturday,220,186,282.89,62235.8
2025-04-06,Sunday,197,173,293.13,57746.61
2025-04-07,Monday,160,132,296.72,47475.2
2025-04-08,Tuesday,167,142,297.47,49677.49
2025-04-09,Wednesday,165,136,298.82,49305.3
2025-04-10,Thursday,177,147,278.17,49236.09
